{
  "stream": {
    "task": "stream",
    "accuracy": 0.925,
    "f1_macro": 0.9039,
    "precision_macro": 0.8966,
    "recall_macro": 0.9134,
    "top3_accuracy": 1.0
  },
  "course": {
    "task": "course",
    "accuracy": 0.125,
    "f1_macro": 0.0979,
    "precision_macro": 0.1113,
    "recall_macro": 0.1217,
    "top3_accuracy": 0.3167
  },
  "career": {
    "task": "career_cluster",
    "accuracy": 0.4958,
    "f1_macro": 0.3055,
    "precision_macro": 0.2953,
    "recall_macro": 0.3371
  },
  "feature_importances": {
    "student_class": 0.0006596632018742751,
    "board": 0.0038681390970509194,
    "school_type": 0.002460236162637934,
    "aggregate_percentage": 0.009900607465301744,
    "annual_family_income": 0.01270825271291587,
    "budget_for_education": 0.01111892568091046,
    "travel_radius_km": 0.005256144629788756,
    "needs_hostel": 0.0010832090565409853,
    "needs_scholarship": 0.001280318656803283,
    "gender": 0.0023319807853342573,
    "caste_category": 0.00337946174010455,
    "mark_math": 0.007207872742338672,
    "mark_science": 0.0067164363113451425,
    "mark_social": 0.006859953279882889,
    "mark_english": 0.009436819029544219,
    "mark_regional_language": 0.004972027794250766,
    "apt_logical": 0.0299456195341049,
    "apt_verbal": 0.05628054723587731,
    "apt_quantitative": 0.10956199911245434,
    "apt_social": 0.05270462465995738,
    "apt_creative": 0.08306241847862832,
    "apt_technical": 0.19140044477573306,
    "interest_mathematics": 0.0018625272088263706,
    "interest_biology": 0.0010755060294544007,
    "interest_computers": 0.0010153642131010773,
    "interest_sports": 0.0014711104958498047,
    "interest_arts": 0.0013761495758549565,
    "interest_music": 0.0010279276311768208,
    "interest_social_service": 0.0013713097460532216,
    "interest_business": 0.0013073792999529757,
    "interest_nature": 0.001455107014217268,
    "interest_writing": 0.001568511141414507,
    "interest_politics": 0.001225738006197146,
    "interest_cooking": 0.0020664488918447433,
    "interest_electronics": 0.0011656408449967181,
    "interest_farming": 0.001580912569556098,
    "interest_healthcare": 0.0012751738326111808,
    "interest_teaching": 0.0014648246996160704,
    "mark_core_subject_1": 0.005944776218096598,
    "mark_core_subject_2": 0.004991515048144043,
    "mark_elective_1": 0.004453672595606866,
    "mark_elective_2": 0.004993669393743893,
    "_aggregate": 0.010811672514382717,
    "_marks_tier": 0.0029665983661481166,
    "_apt_composite": 0.02782970735658984,
    "_apt_stem": 0.14186464119712955,
    "_apt_humanities": 0.12952582346358035,
    "_apt_domain_flag": 0.03211259050247464
  }
}